country,iso2c,iso3c,year,NY.GDP.MKTP.CD
China,CN,CHN,2020,14996414166715.1
China,CN,CHN,2019,14560167101283.4
China,CN,CHN,2018,14147765772963.8
China,CN,CHN,2017,12537559062282.9
China,CN,CHN,2016,11456024084962
China,CN,CHN,2015,11280814787468.9
China,CN,CHN,2014,10674533168257.4
China,CN,CHN,2013,9743124247267.24
China,CN,CHN,2012,8673664713189.24
China,CN,CHN,2011,7671757207851.29
China,CN,CHN,2010,6192564874453.29
China,CN,CHN,2009,5189577094997.58
China,CN,CHN,2008,4667346414521.95
China,CN,CHN,2007,3604055822571.63
China,CN,CHN,2006,2791498472804.33
China,CN,CHN,2005,2317551298052.05
China,CN,CHN,2004,1984196551300.44
China,CN,CHN,2003,1683903309843.85
China,CN,CHN,2002,1489821682050.54
China,CN,CHN,2001,1355036590251.52
China,CN,CHN,2000,1223754919971.05
India,IN,IND,2020,2674851578587.27
India,IN,IND,2019,2835606256558.19
India,IN,IND,2018,2702929641648.74
India,IN,IND,2017,2651474262755.45
India,IN,IND,2016,2294796885663.16
India,IN,IND,2015,2103588360044.94
India,IN,IND,2014,2039126479154.52
India,IN,IND,2013,1856721507621.58
India,IN,IND,2012,1827637590410.41
India,IN,IND,2011,1823051829894.55
India,IN,IND,2010,1675615519484.96
India,IN,IND,2009,1341888016994.9
India,IN,IND,2008,1198895139005.92
India,IN,IND,2007,1216736438834.96
India,IN,IND,2006,940259888787.721
India,IN,IND,2005,820383763511.445
India,IN,IND,2004,709152728830.775
India,IN,IND,2003,607700687237.318
India,IN,IND,2002,514939140318.756
India,IN,IND,2001,485440139204.171
India,IN,IND,2000,468395521654.458
United States,US,USA,2020,21354105000000
United States,US,USA,2019,21539982000000
United States,US,USA,2018,20656516000000
United States,US,USA,2017,19612102000000
United States,US,USA,2016,18804913000000
United States,US,USA,2015,18295019000000
United States,US,USA,2014,17608138000000
United States,US,USA,2013,16880683000000
United States,US,USA,2012,16253970000000
United States,US,USA,2011,15599732000000
United States,US,USA,2010,15048971000000
United States,US,USA,2009,14478067000000
United States,US,USA,2008,14769862000000
United States,US,USA,2007,14474228000000
United States,US,USA,2006,13815583000000
United States,US,USA,2005,13039197000000
United States,US,USA,2004,12217196000000
United States,US,USA,2003,11456450000000
United States,US,USA,2002,10929108000000
United States,US,USA,2001,10581929000000
United States,US,USA,2000,10250952000000
